{
    "accuracy": 0.7333333333333333,
    "precision": 0.7692307692307693,
    "recall": 0.6666666666666666,
    "f1_score": 0.7142857142857143
}