{
    "accuracy": 0.7333333333333333,
    "precision": 0.7692307692307693,
    "recall": 0.6666666666666666,
    "f1_score": 0.7142857142857143,
    "best_cv_f1": 0.689353538516856,
    "best_params": {
        "max_depth": 3, 
        "min_samples_split": 5,
        "n_estimators": 50
    }
}